id,peer,date,time,state
2,tony_soprano,2023-11-01,14:00:00,2
3,bobby_bacala,2023-11-02,13:00:00,1
4,bobby_bacala,2023-11-02,14:00:00,2
5,tony_soprano,2023-11-04,13:00:00,1
6,bobby_bacala,2023-11-04,14:00:00,1
7,tony_soprano,2023-11-04,15:00:00,2
8,bobby_bacala,2023-11-04,16:00:00,2
9,tony_soprano,2023-11-05,13:00:00,1
10,paulie_walnuts,2023-11-05,14:00:00,1
11,tony_soprano,2023-11-05,15:00:00,2
12,paulie_walnuts,2023-11-05,16:00:00,2
13,silvio_dante,2023-11-06,13:00:00,1
14,silvio_dante,2023-11-06,14:00:00,2
15,paulie_walnuts,2023-11-07,13:00:00,1
16,bobby_bacala,2023-11-07,14:00:00,1
17,paulie_walnuts,2023-11-07,15:00:00,2
18,bobby_bacala,2023-11-07,16:00:00,2
19,tony_soprano,2023-11-11,13:00:00,1
20,paulie_walnuts,2023-11-11,14:00:00,1
21,tony_soprano,2023-11-11,15:00:00,2
22,paulie_walnuts,2023-11-11,16:00:00,2
23,bobby_bacala,2023-11-12,13:00:00,1
24,bobby_bacala,2023-11-12,14:00:00,2
25,bobby_bacala,2023-11-13,13:00:00,1
26,bobby_bacala,2023-11-13,14:00:00,2
27,paulie_walnuts,2023-11-14,13:00:00,1
28,paulie_walnuts,2023-11-14,14:00:00,2
29,silvio_dante,2023-11-15,13:00:00,1
30,silvio_dante,2023-11-15,14:00:00,2
31,tony_soprano,2023-11-16,13:00:00,1
32,tony_soprano,2023-11-16,14:00:00,2
33,tony_soprano,2023-11-17,13:00:00,1
34,silvio_dante,2023-11-17,14:00:00,1
35,bobby_bacala,2023-11-17,15:00:00,1
36,tony_soprano,2023-11-17,16:00:00,2
37,silvio_dante,2023-11-17,17:00:00,2
38,bobby_bacala,2023-11-17,18:00:00,2
39,christopher_moltisanti,2023-11-18,13:00:00,1
40,paulie_walnuts,2023-11-18,14:00:00,1
41,christopher_moltisanti,2023-11-18,15:00:00,2
42,paulie_walnuts,2023-11-18,16:00:00,2
43,paulie_walnuts,2023-11-19,13:00:00,1
44,paulie_walnuts,2023-11-19,14:00:00,2
45,christopher_moltisanti,2023-11-20,13:00:00,1
46,christopher_moltisanti,2023-11-20,14:00:00,2
47,tony_soprano,2023-11-21,13:00:00,1
48,tony_soprano,2023-11-21,14:00:00,2
49,bobby_bacala,2023-11-22,13:00:00,1
50,bobby_bacala,2023-11-22,14:00:00,2
51,tony_soprano,2023-11-23,13:00:00,1
52,tony_soprano,2023-11-23,14:00:00,2
53,bobby_bacala,2023-11-24,13:00:00,1
54,bobby_bacala,2023-11-24,14:00:00,2
55,silvio_dante,2023-11-25,13:00:00,1
56,silvio_dante,2023-11-25,14:00:00,2
57,christopher_moltisanti,2023-11-26,13:00:00,1
58,silvio_dante,2023-11-26,14:00:00,1
59,christopher_moltisanti,2023-11-26,15:00:00,2
60,silvio_dante,2023-11-26,16:00:00,2
61,paulie_walnuts,2023-11-28,13:00:00,1
62,bobby_bacala,2023-11-28,14:00:00,1
63,paulie_walnuts,2023-11-28,15:00:00,2
64,bobby_bacala,2023-11-28,16:00:00,2
65,bobby_bacala,2023-12-01,13:00:00,1
66,bobby_bacala,2023-12-01,14:00:00,2
67,bobby_bacala,2023-12-02,13:00:00,1
68,bobby_bacala,2023-12-02,14:00:00,2
69,silvio_dante,2023-12-03,13:00:00,1
70,silvio_dante,2023-12-03,14:00:00,2
71,silvio_dante,2023-12-04,13:00:00,1
72,silvio_dante,2023-12-04,14:00:00,2
73,christopher_moltisanti,2023-12-05,13:00:00,1
74,paulie_walnuts,2023-12-05,14:00:00,1
75,christopher_moltisanti,2023-12-05,15:00:00,2
76,paulie_walnuts,2023-12-05,16:00:00,2
77,christopher_moltisanti,2023-12-09,13:00:00,1
78,christopher_moltisanti,2023-12-09,14:00:00,2
79,silvio_dante,2023-12-11,13:00:00,1
80,silvio_dante,2023-12-11,14:00:00,2
81,paulie_walnuts,2023-12-12,13:00:00,1
82,paulie_walnuts,2023-12-12,14:00:00,2
83,paulie_walnuts,2023-12-13,13:00:00,1
84,paulie_walnuts,2023-12-13,14:00:00,2
85,tony_soprano,2023-12-14,13:00:00,1
86,tony_soprano,2023-12-14,14:00:00,2
87,silvio_dante,2023-12-15,13:00:00,1
88,silvio_dante,2023-12-15,14:00:00,2
89,tony_soprano,2023-12-16,13:00:00,1
90,christopher_moltisanti,2023-12-16,14:00:00,1
91,tony_soprano,2023-12-16,15:00:00,2
92,christopher_moltisanti,2023-12-16,16:00:00,2
93,bobby_bacala,2023-12-18,13:00:00,1
94,bobby_bacala,2023-12-18,14:00:00,2
95,christopher_moltisanti,2023-12-20,13:00:00,1
96,paulie_walnuts,2023-12-20,14:00:00,1
97,christopher_moltisanti,2023-12-20,15:00:00,2
98,paulie_walnuts,2023-12-20,16:00:00,2
99,silvio_dante,2023-12-21,13:00:00,1
100,silvio_dante,2023-12-21,14:00:00,2
101,tony_soprano,2023-12-22,13:00:00,1
102,paulie_walnuts,2023-12-22,14:00:00,1
103,tony_soprano,2023-12-22,15:00:00,2
104,paulie_walnuts,2023-12-22,16:00:00,2
105,paulie_walnuts,2023-12-23,13:00:00,1
106,paulie_walnuts,2023-12-23,14:00:00,2
107,christopher_moltisanti,2023-12-24,13:00:00,1
108,bobby_bacala,2023-12-24,14:00:00,1
109,christopher_moltisanti,2023-12-24,15:00:00,2
110,bobby_bacala,2023-12-24,16:00:00,2
111,tony_soprano,2023-12-25,13:00:00,1
112,paulie_walnuts,2023-12-25,14:00:00,1
113,tony_soprano,2023-12-25,15:00:00,2
114,paulie_walnuts,2023-12-25,16:00:00,2
115,tony_soprano,2023-12-27,13:00:00,1
116,paulie_walnuts,2023-12-27,14:00:00,1
117,tony_soprano,2023-12-27,15:00:00,2
118,paulie_walnuts,2023-12-27,16:00:00,2
119,paulie_walnuts,2023-12-28,13:00:00,1
120,paulie_walnuts,2023-12-28,14:00:00,2
121,tony_soprano,2023-01-01,13:00:00,1
122,tony_soprano,2023-01-01,14:00:00,2
123,bobby_bacala,2023-01-02,13:00:00,1
124,bobby_bacala,2023-01-02,14:00:00,2
125,tony_soprano,2023-01-04,13:00:00,1
126,bobby_bacala,2023-01-04,14:00:00,1
127,tony_soprano,2023-01-04,15:00:00,2
128,bobby_bacala,2023-01-04,16:00:00,2
129,tony_soprano,2023-01-05,13:00:00,1
130,paulie_walnuts,2023-01-05,14:00:00,1
131,tony_soprano,2023-01-05,15:00:00,2
132,paulie_walnuts,2023-01-05,16:00:00,2
133,silvio_dante,2023-01-06,13:00:00,1
134,silvio_dante,2023-01-06,14:00:00,2
135,paulie_walnuts,2023-01-07,13:00:00,1
136,bobby_bacala,2023-01-07,14:00:00,1
137,paulie_walnuts,2023-01-07,15:00:00,2
138,bobby_bacala,2023-01-07,16:00:00,2
139,tony_soprano,2023-01-11,13:00:00,1
140,paulie_walnuts,2023-01-11,14:00:00,1
141,tony_soprano,2023-01-11,15:00:00,2
142,paulie_walnuts,2023-01-11,16:00:00,2
143,bobby_bacala,2023-01-12,13:00:00,1
144,bobby_bacala,2023-01-12,14:00:00,2
145,bobby_bacala,2023-01-13,13:00:00,1
146,bobby_bacala,2023-01-13,14:00:00,2
147,paulie_walnuts,2023-01-14,13:00:00,1
148,paulie_walnuts,2023-01-14,14:00:00,2
149,silvio_dante,2023-01-15,13:00:00,1
150,silvio_dante,2023-01-15,14:00:00,2
151,tony_soprano,2023-01-16,13:00:00,1
152,tony_soprano,2023-01-16,14:00:00,2
153,tony_soprano,2023-01-17,13:00:00,1
154,silvio_dante,2023-01-17,14:00:00,1
155,bobby_bacala,2023-01-17,15:00:00,1
156,tony_soprano,2023-01-17,16:00:00,2
157,silvio_dante,2023-01-17,17:00:00,2
158,bobby_bacala,2023-01-17,18:00:00,2
159,christopher_moltisanti,2023-01-18,13:00:00,1
160,paulie_walnuts,2023-01-18,14:00:00,1
161,christopher_moltisanti,2023-01-18,15:00:00,2
162,paulie_walnuts,2023-01-18,16:00:00,2
163,paulie_walnuts,2023-01-19,13:00:00,1
164,paulie_walnuts,2023-01-19,14:00:00,2
165,christopher_moltisanti,2023-01-20,13:00:00,1
166,christopher_moltisanti,2023-01-20,14:00:00,2
167,tony_soprano,2023-01-21,13:00:00,1
168,tony_soprano,2023-01-21,14:00:00,2
169,bobby_bacala,2023-01-22,13:00:00,1
170,bobby_bacala,2023-01-22,14:00:00,2
171,tony_soprano,2023-01-23,13:00:00,1
172,tony_soprano,2023-01-23,14:00:00,2
173,bobby_bacala,2023-01-24,13:00:00,1
174,bobby_bacala,2023-01-24,14:00:00,2
175,silvio_dante,2023-01-25,13:00:00,1
176,silvio_dante,2023-01-25,14:00:00,2
177,christopher_moltisanti,2023-01-26,13:00:00,1
178,silvio_dante,2023-01-26,14:00:00,1
179,christopher_moltisanti,2023-01-26,15:00:00,2
180,silvio_dante,2023-01-26,16:00:00,2
181,paulie_walnuts,2023-01-28,13:00:00,1
182,bobby_bacala,2023-01-28,14:00:00,1
183,paulie_walnuts,2023-01-28,15:00:00,2
184,bobby_bacala,2023-01-28,16:00:00,2
185,bobby_bacala,2023-02-01,13:00:00,1
186,bobby_bacala,2023-02-01,14:00:00,2
187,bobby_bacala,2023-02-02,13:00:00,1
188,bobby_bacala,2023-02-02,14:00:00,2
189,silvio_dante,2023-02-03,13:00:00,1
190,silvio_dante,2023-02-03,14:00:00,2
191,silvio_dante,2023-02-04,13:00:00,1
192,silvio_dante,2023-02-04,14:00:00,2
193,christopher_moltisanti,2023-02-05,13:00:00,1
194,paulie_walnuts,2023-02-05,14:00:00,1
195,christopher_moltisanti,2023-02-05,15:00:00,2
196,paulie_walnuts,2023-02-05,16:00:00,2
197,christopher_moltisanti,2023-02-09,13:00:00,1
198,christopher_moltisanti,2023-02-09,14:00:00,2
199,silvio_dante,2023-02-11,13:00:00,1
200,silvio_dante,2023-02-11,14:00:00,2
201,paulie_walnuts,2023-02-12,13:00:00,1
202,paulie_walnuts,2023-02-12,14:00:00,2
203,paulie_walnuts,2023-02-13,13:00:00,1
204,paulie_walnuts,2023-02-13,14:00:00,2
205,tony_soprano,2023-02-14,13:00:00,1
206,tony_soprano,2023-02-14,14:00:00,2
207,silvio_dante,2023-02-15,13:00:00,1
208,silvio_dante,2023-02-15,14:00:00,2
209,tony_soprano,2023-02-16,13:00:00,1
210,christopher_moltisanti,2023-02-16,14:00:00,1
211,tony_soprano,2023-02-16,15:00:00,2
212,christopher_moltisanti,2023-02-16,16:00:00,2
213,bobby_bacala,2023-02-18,13:00:00,1
214,bobby_bacala,2023-02-18,14:00:00,2
215,christopher_moltisanti,2023-02-20,13:00:00,1
216,paulie_walnuts,2023-02-20,14:00:00,1
217,christopher_moltisanti,2023-02-20,15:00:00,2
218,paulie_walnuts,2023-02-20,16:00:00,2
219,silvio_dante,2023-02-21,13:00:00,1
220,silvio_dante,2023-02-21,14:00:00,2
221,tony_soprano,2023-02-22,13:00:00,1
222,paulie_walnuts,2023-02-22,14:00:00,1
223,tony_soprano,2023-02-22,15:00:00,2
224,paulie_walnuts,2023-02-22,16:00:00,2
225,paulie_walnuts,2023-02-23,13:00:00,1
226,paulie_walnuts,2023-02-23,14:00:00,2
227,christopher_moltisanti,2023-02-24,13:00:00,1
228,bobby_bacala,2023-02-24,14:00:00,1
229,christopher_moltisanti,2023-02-24,15:00:00,2
230,bobby_bacala,2023-02-24,16:00:00,2
231,tony_soprano,2023-02-25,13:00:00,1
232,paulie_walnuts,2023-02-25,14:00:00,1
233,tony_soprano,2023-02-25,15:00:00,2
234,paulie_walnuts,2023-02-25,16:00:00,2
235,tony_soprano,2023-02-27,13:00:00,1
236,paulie_walnuts,2023-02-27,14:00:00,1
237,tony_soprano,2023-02-27,15:00:00,2
238,paulie_walnuts,2023-02-27,16:00:00,2
239,paulie_walnuts,2023-02-28,13:00:00,1
240,paulie_walnuts,2023-02-28,14:00:00,2
241,christopher_moltisanti,2023-03-01,13:00:00,1
242,bobby_bacala,2023-03-01,14:00:00,1
243,christopher_moltisanti,2023-03-01,15:00:00,2
244,bobby_bacala,2023-03-01,16:00:00,2
245,tony_soprano,2023-03-03,13:00:00,1
246,tony_soprano,2023-03-03,14:00:00,2
247,tony_soprano,2023-03-04,13:00:00,1
248,silvio_dante,2023-03-04,14:00:00,1
249,tony_soprano,2023-03-04,15:00:00,2
250,silvio_dante,2023-03-04,16:00:00,2
251,bobby_bacala,2023-03-05,13:00:00,1
252,bobby_bacala,2023-03-05,14:00:00,2
253,silvio_dante,2023-03-06,13:00:00,1
254,silvio_dante,2023-03-06,14:00:00,2
255,paulie_walnuts,2023-03-08,13:00:00,1
256,bobby_bacala,2023-03-08,14:00:00,1
257,paulie_walnuts,2023-03-08,15:00:00,2
258,bobby_bacala,2023-03-08,16:00:00,2
259,tony_soprano,2023-03-09,13:00:00,1
260,tony_soprano,2023-03-09,14:00:00,2
261,silvio_dante,2023-03-11,13:00:00,1
262,silvio_dante,2023-03-11,14:00:00,2
263,tony_soprano,2023-03-12,13:00:00,1
264,silvio_dante,2023-03-12,14:00:00,1
265,tony_soprano,2023-03-12,15:00:00,2
266,silvio_dante,2023-03-12,16:00:00,2
267,bobby_bacala,2023-03-13,13:00:00,1
268,bobby_bacala,2023-03-13,14:00:00,2
269,christopher_moltisanti,2023-03-14,13:00:00,1
270,christopher_moltisanti,2023-03-14,14:00:00,2
271,tony_soprano,2023-03-15,13:00:00,1
272,christopher_moltisanti,2023-03-15,14:00:00,1
273,tony_soprano,2023-03-15,15:00:00,2
274,christopher_moltisanti,2023-03-15,16:00:00,2
275,tony_soprano,2023-03-16,13:00:00,1
276,bobby_bacala,2023-03-16,14:00:00,1
277,tony_soprano,2023-03-16,15:00:00,2
278,bobby_bacala,2023-03-16,16:00:00,2
279,christopher_moltisanti,2023-03-17,13:00:00,1
280,paulie_walnuts,2023-03-17,14:00:00,1
281,bobby_bacala,2023-03-17,15:00:00,1
282,christopher_moltisanti,2023-03-17,16:00:00,2
283,paulie_walnuts,2023-03-17,17:00:00,2
284,bobby_bacala,2023-03-17,18:00:00,2
285,bobby_bacala,2023-03-18,13:00:00,1
286,bobby_bacala,2023-03-18,14:00:00,2
287,christopher_moltisanti,2023-03-19,13:00:00,1
288,christopher_moltisanti,2023-03-19,14:00:00,2
289,christopher_moltisanti,2023-03-20,13:00:00,1
290,christopher_moltisanti,2023-03-20,14:00:00,2
291,christopher_moltisanti,2023-03-21,13:00:00,1
292,christopher_moltisanti,2023-03-21,14:00:00,2
293,paulie_walnuts,2023-03-22,13:00:00,1
294,silvio_dante,2023-03-22,14:00:00,1
295,paulie_walnuts,2023-03-22,15:00:00,2
296,silvio_dante,2023-03-22,16:00:00,2
297,paulie_walnuts,2023-03-23,13:00:00,1
298,paulie_walnuts,2023-03-23,14:00:00,2
299,bobby_bacala,2023-03-25,13:00:00,1
300,bobby_bacala,2023-03-25,14:00:00,2
301,silvio_dante,2023-03-27,13:00:00,1
302,silvio_dante,2023-03-27,14:00:00,2
303,bobby_bacala,2023-04-02,13:00:00,1
304,bobby_bacala,2023-04-02,14:00:00,2
305,christopher_moltisanti,2023-04-03,13:00:00,1
306,paulie_walnuts,2023-04-03,14:00:00,1
307,bobby_bacala,2023-04-03,15:00:00,1
308,christopher_moltisanti,2023-04-03,16:00:00,2
309,paulie_walnuts,2023-04-03,17:00:00,2
310,bobby_bacala,2023-04-03,18:00:00,2
311,paulie_walnuts,2023-04-04,13:00:00,1
312,paulie_walnuts,2023-04-04,14:00:00,2
313,tony_soprano,2023-04-05,13:00:00,1
314,silvio_dante,2023-04-05,14:00:00,1
315,bobby_bacala,2023-04-05,15:00:00,1
316,tony_soprano,2023-04-05,16:00:00,2
317,silvio_dante,2023-04-05,17:00:00,2
318,bobby_bacala,2023-04-05,18:00:00,2
319,bobby_bacala,2023-04-06,13:00:00,1
320,bobby_bacala,2023-04-06,14:00:00,2
321,paulie_walnuts,2023-04-07,13:00:00,1
322,paulie_walnuts,2023-04-07,14:00:00,2
323,silvio_dante,2023-04-08,13:00:00,1
324,silvio_dante,2023-04-08,14:00:00,2
325,tony_soprano,2023-04-09,13:00:00,1
326,paulie_walnuts,2023-04-09,14:00:00,1
327,silvio_dante,2023-04-09,15:00:00,1
328,tony_soprano,2023-04-09,16:00:00,2
329,paulie_walnuts,2023-04-09,17:00:00,2
330,silvio_dante,2023-04-09,18:00:00,2
331,silvio_dante,2023-04-10,13:00:00,1
332,silvio_dante,2023-04-10,14:00:00,2
333,christopher_moltisanti,2023-04-11,13:00:00,1
334,bobby_bacala,2023-04-11,14:00:00,1
335,christopher_moltisanti,2023-04-11,15:00:00,2
336,bobby_bacala,2023-04-11,16:00:00,2
337,bobby_bacala,2023-04-12,13:00:00,1
338,bobby_bacala,2023-04-12,14:00:00,2
339,paulie_walnuts,2023-04-13,13:00:00,1
340,paulie_walnuts,2023-04-13,14:00:00,2
341,silvio_dante,2023-04-14,13:00:00,1
342,silvio_dante,2023-04-14,14:00:00,2
343,silvio_dante,2023-04-15,13:00:00,1
344,silvio_dante,2023-04-15,14:00:00,2
345,bobby_bacala,2023-04-16,13:00:00,1
346,bobby_bacala,2023-04-16,14:00:00,2
347,tony_soprano,2023-04-17,13:00:00,1
348,christopher_moltisanti,2023-04-17,14:00:00,1
349,tony_soprano,2023-04-17,15:00:00,2
350,christopher_moltisanti,2023-04-17,16:00:00,2
351,bobby_bacala,2023-04-19,13:00:00,1
352,bobby_bacala,2023-04-19,14:00:00,2
353,silvio_dante,2023-04-21,13:00:00,1
354,bobby_bacala,2023-04-21,14:00:00,1
355,silvio_dante,2023-04-21,15:00:00,2
356,bobby_bacala,2023-04-21,16:00:00,2
357,tony_soprano,2023-04-22,13:00:00,1
358,paulie_walnuts,2023-04-22,14:00:00,1
359,tony_soprano,2023-04-22,15:00:00,2
360,paulie_walnuts,2023-04-22,16:00:00,2
361,tony_soprano,2023-04-23,13:00:00,1
362,paulie_walnuts,2023-04-23,14:00:00,1
363,tony_soprano,2023-04-23,15:00:00,2
364,paulie_walnuts,2023-04-23,16:00:00,2
365,tony_soprano,2023-04-24,13:00:00,1
366,christopher_moltisanti,2023-04-24,14:00:00,1
367,paulie_walnuts,2023-04-24,15:00:00,1
368,silvio_dante,2023-04-24,16:00:00,1
369,tony_soprano,2023-04-24,17:00:00,2
370,christopher_moltisanti,2023-04-24,18:00:00,2
371,paulie_walnuts,2023-04-24,19:00:00,2
372,silvio_dante,2023-04-24,20:00:00,2
373,tony_soprano,2023-05-01,13:00:00,1
374,richie_april,2023-05-01,14:00:00,1
375,tony_soprano,2023-05-01,15:00:00,2
376,richie_april,2023-05-01,16:00:00,2
377,ralph_cifaretto,2023-05-02,13:00:00,1
378,richie_april,2023-05-02,14:00:00,1
379,ralph_cifaretto,2023-05-02,15:00:00,2
380,richie_april,2023-05-02,16:00:00,2
381,tony_soprano,2023-05-03,13:00:00,1
382,paulie_walnuts,2023-05-03,14:00:00,1
383,artie_bucco,2023-05-03,15:00:00,1
384,tony_soprano,2023-05-03,16:00:00,2
385,paulie_walnuts,2023-05-03,17:00:00,2
386,artie_bucco,2023-05-03,18:00:00,2
387,paulie_walnuts,2023-05-04,13:00:00,1
388,bobby_bacala,2023-05-04,14:00:00,1
389,paulie_walnuts,2023-05-04,15:00:00,2
390,bobby_bacala,2023-05-04,16:00:00,2
391,tony_soprano,2023-05-06,13:00:00,1
392,paulie_walnuts,2023-05-06,14:00:00,1
393,richie_april,2023-05-06,15:00:00,1
394,tony_soprano,2023-05-06,16:00:00,2
395,paulie_walnuts,2023-05-06,17:00:00,2
396,richie_april,2023-05-06,18:00:00,2
397,bobby_bacala,2023-05-07,13:00:00,1
398,furio_giunta,2023-05-07,14:00:00,1
399,bobby_bacala,2023-05-07,15:00:00,2
400,furio_giunta,2023-05-07,16:00:00,2
401,silvio_dante,2023-05-08,13:00:00,1
402,ralph_cifaretto,2023-05-08,14:00:00,1
403,silvio_dante,2023-05-08,15:00:00,2
404,ralph_cifaretto,2023-05-08,16:00:00,2
405,tony_soprano,2023-05-09,13:00:00,1
406,silvio_dante,2023-05-09,14:00:00,1
407,bobby_bacala,2023-05-09,15:00:00,1
408,junior_soprano,2023-05-09,16:00:00,1
409,furio_giunta,2023-05-09,17:00:00,1
410,tony_soprano,2023-05-09,18:00:00,2
411,silvio_dante,2023-05-09,19:00:00,2
412,bobby_bacala,2023-05-09,20:00:00,2
413,junior_soprano,2023-05-09,21:00:00,2
414,furio_giunta,2023-05-09,22:00:00,2
415,paulie_walnuts,2023-05-10,13:00:00,1
416,junior_soprano,2023-05-10,14:00:00,1
417,paulie_walnuts,2023-05-10,15:00:00,2
418,junior_soprano,2023-05-10,16:00:00,2
419,tony_soprano,2023-05-11,13:00:00,1
420,richie_april,2023-05-11,14:00:00,1
421,tony_soprano,2023-05-11,15:00:00,2
422,richie_april,2023-05-11,16:00:00,2
423,tony_soprano,2023-05-12,13:00:00,1
424,richie_april,2023-05-12,14:00:00,1
425,tony_soprano,2023-05-12,15:00:00,2
426,richie_april,2023-05-12,16:00:00,2
427,silvio_dante,2023-05-13,13:00:00,1
428,junior_soprano,2023-05-13,14:00:00,1
429,artie_bucco,2023-05-13,15:00:00,1
430,silvio_dante,2023-05-13,16:00:00,2
431,junior_soprano,2023-05-13,17:00:00,2
432,artie_bucco,2023-05-13,18:00:00,2
433,furio_giunta,2023-05-14,13:00:00,1
434,richie_april,2023-05-14,14:00:00,1
435,furio_giunta,2023-05-14,15:00:00,2
436,richie_april,2023-05-14,16:00:00,2
437,bobby_bacala,2023-05-15,13:00:00,1
438,richie_april,2023-05-15,14:00:00,1
439,bobby_bacala,2023-05-15,15:00:00,2
440,richie_april,2023-05-15,16:00:00,2
441,silvio_dante,2023-05-16,13:00:00,1
442,artie_bucco,2023-05-16,14:00:00,1
443,silvio_dante,2023-05-16,15:00:00,2
444,artie_bucco,2023-05-16,16:00:00,2
445,christopher_moltisanti,2023-05-17,13:00:00,1
446,paulie_walnuts,2023-05-17,14:00:00,1
447,christopher_moltisanti,2023-05-17,15:00:00,2
448,paulie_walnuts,2023-05-17,16:00:00,2
449,christopher_moltisanti,2023-05-19,13:00:00,1
450,christopher_moltisanti,2023-05-19,14:00:00,2
451,silvio_dante,2023-05-20,13:00:00,1
452,furio_giunta,2023-05-20,14:00:00,1
453,silvio_dante,2023-05-20,15:00:00,2
454,furio_giunta,2023-05-20,16:00:00,2
455,paulie_walnuts,2023-05-21,13:00:00,1
456,ralph_cifaretto,2023-05-21,14:00:00,1
457,paulie_walnuts,2023-05-21,15:00:00,2
458,ralph_cifaretto,2023-05-21,16:00:00,2
459,silvio_dante,2023-05-22,13:00:00,1
460,ralph_cifaretto,2023-05-22,14:00:00,1
461,junior_soprano,2023-05-22,15:00:00,1
462,silvio_dante,2023-05-22,16:00:00,2
463,ralph_cifaretto,2023-05-22,17:00:00,2
464,junior_soprano,2023-05-22,18:00:00,2
465,richie_april,2023-05-23,13:00:00,1
466,richie_april,2023-05-23,14:00:00,2
467,junior_soprano,2023-05-24,13:00:00,1
468,furio_giunta,2023-05-24,14:00:00,1
469,junior_soprano,2023-05-24,15:00:00,2
470,furio_giunta,2023-05-24,16:00:00,2
471,silvio_dante,2023-05-25,13:00:00,1
472,ralph_cifaretto,2023-05-25,14:00:00,1
473,furio_giunta,2023-05-25,15:00:00,1
474,silvio_dante,2023-05-25,16:00:00,2
475,ralph_cifaretto,2023-05-25,17:00:00,2
476,furio_giunta,2023-05-25,18:00:00,2
477,paulie_walnuts,2023-05-26,13:00:00,1
478,junior_soprano,2023-05-26,14:00:00,1
479,richie_april,2023-05-26,15:00:00,1
480,paulie_walnuts,2023-05-26,16:00:00,2
481,junior_soprano,2023-05-26,17:00:00,2
482,richie_april,2023-05-26,18:00:00,2
483,tony_soprano,2023-05-27,13:00:00,1
484,paulie_walnuts,2023-05-27,14:00:00,1
485,tony_soprano,2023-05-27,15:00:00,2
486,paulie_walnuts,2023-05-27,16:00:00,2
487,tony_soprano,2023-05-28,13:00:00,1
488,paulie_walnuts,2023-05-28,14:00:00,1
489,furio_giunta,2023-05-28,15:00:00,1
490,tony_soprano,2023-05-28,16:00:00,2
491,paulie_walnuts,2023-05-28,17:00:00,2
492,furio_giunta,2023-05-28,18:00:00,2
493,christopher_moltisanti,2023-06-01,13:00:00,1
494,bobby_bacala,2023-06-01,14:00:00,1
495,christopher_moltisanti,2023-06-01,15:00:00,2
496,bobby_bacala,2023-06-01,16:00:00,2
497,tony_soprano,2023-06-02,13:00:00,1
498,ralph_cifaretto,2023-06-02,14:00:00,1
499,artie_bucco,2023-06-02,15:00:00,1
500,tony_soprano,2023-06-02,16:00:00,2
501,ralph_cifaretto,2023-06-02,17:00:00,2
502,artie_bucco,2023-06-02,18:00:00,2
503,bobby_bacala,2023-06-03,13:00:00,1
504,artie_bucco,2023-06-03,14:00:00,1
505,bobby_bacala,2023-06-03,15:00:00,2
506,artie_bucco,2023-06-03,16:00:00,2
507,furio_giunta,2023-06-04,13:00:00,1
508,richie_april,2023-06-04,14:00:00,1
509,furio_giunta,2023-06-04,15:00:00,2
510,richie_april,2023-06-04,16:00:00,2
511,tony_soprano,2023-06-05,13:00:00,1
512,tony_soprano,2023-06-05,14:00:00,2
513,silvio_dante,2023-06-06,13:00:00,1
514,ralph_cifaretto,2023-06-06,14:00:00,1
515,artie_bucco,2023-06-06,15:00:00,1
516,silvio_dante,2023-06-06,16:00:00,2
517,ralph_cifaretto,2023-06-06,17:00:00,2
518,artie_bucco,2023-06-06,18:00:00,2
519,bobby_bacala,2023-06-07,13:00:00,1
520,junior_soprano,2023-06-07,14:00:00,1
521,bobby_bacala,2023-06-07,15:00:00,2
522,junior_soprano,2023-06-07,16:00:00,2
523,tony_soprano,2023-06-08,13:00:00,1
524,christopher_moltisanti,2023-06-08,14:00:00,1
525,ralph_cifaretto,2023-06-08,15:00:00,1
526,richie_april,2023-06-08,16:00:00,1
527,tony_soprano,2023-06-08,17:00:00,2
528,christopher_moltisanti,2023-06-08,18:00:00,2
529,ralph_cifaretto,2023-06-08,19:00:00,2
530,richie_april,2023-06-08,20:00:00,2
531,christopher_moltisanti,2023-06-09,13:00:00,1
532,paulie_walnuts,2023-06-09,14:00:00,1
533,bobby_bacala,2023-06-09,15:00:00,1
534,richie_april,2023-06-09,16:00:00,1
535,christopher_moltisanti,2023-06-09,17:00:00,2
536,paulie_walnuts,2023-06-09,18:00:00,2
537,bobby_bacala,2023-06-09,19:00:00,2
538,richie_april,2023-06-09,20:00:00,2
539,christopher_moltisanti,2023-06-10,13:00:00,1
540,junior_soprano,2023-06-10,14:00:00,1
541,christopher_moltisanti,2023-06-10,15:00:00,2
542,junior_soprano,2023-06-10,16:00:00,2
543,christopher_moltisanti,2023-06-11,13:00:00,1
544,furio_giunta,2023-06-11,14:00:00,1
545,artie_bucco,2023-06-11,15:00:00,1
546,christopher_moltisanti,2023-06-11,16:00:00,2
547,furio_giunta,2023-06-11,17:00:00,2
548,artie_bucco,2023-06-11,18:00:00,2
549,paulie_walnuts,2023-06-12,13:00:00,1
550,paulie_walnuts,2023-06-12,14:00:00,2
551,bobby_bacala,2023-06-13,13:00:00,1
552,bobby_bacala,2023-06-13,14:00:00,2
553,silvio_dante,2023-06-14,13:00:00,1
554,silvio_dante,2023-06-14,14:00:00,2
555,richie_april,2023-06-15,13:00:00,1
556,richie_april,2023-06-15,14:00:00,2
557,christopher_moltisanti,2023-06-16,13:00:00,1
558,paulie_walnuts,2023-06-16,14:00:00,1
559,bobby_bacala,2023-06-16,15:00:00,1
560,furio_giunta,2023-06-16,16:00:00,1
561,christopher_moltisanti,2023-06-16,17:00:00,2
562,paulie_walnuts,2023-06-16,18:00:00,2
563,bobby_bacala,2023-06-16,19:00:00,2
564,furio_giunta,2023-06-16,20:00:00,2
565,tony_soprano,2023-06-17,13:00:00,1
566,silvio_dante,2023-06-17,14:00:00,1
567,bobby_bacala,2023-06-17,15:00:00,1
568,richie_april,2023-06-17,16:00:00,1
569,tony_soprano,2023-06-17,17:00:00,2
570,silvio_dante,2023-06-17,18:00:00,2
571,bobby_bacala,2023-06-17,19:00:00,2
572,richie_april,2023-06-17,20:00:00,2
573,paulie_walnuts,2023-06-18,13:00:00,1
574,artie_bucco,2023-06-18,14:00:00,1
575,paulie_walnuts,2023-06-18,15:00:00,2
576,artie_bucco,2023-06-18,16:00:00,2
577,tony_soprano,2023-06-19,13:00:00,1
578,paulie_walnuts,2023-06-19,14:00:00,1
579,silvio_dante,2023-06-19,15:00:00,1
580,artie_bucco,2023-06-19,16:00:00,1
581,tony_soprano,2023-06-19,17:00:00,2
582,paulie_walnuts,2023-06-19,18:00:00,2
583,silvio_dante,2023-06-19,19:00:00,2
584,artie_bucco,2023-06-19,20:00:00,2
585,christopher_moltisanti,2023-06-20,13:00:00,1
586,bobby_bacala,2023-06-20,14:00:00,1
587,richie_april,2023-06-20,15:00:00,1
588,christopher_moltisanti,2023-06-20,16:00:00,2
589,bobby_bacala,2023-06-20,17:00:00,2
590,richie_april,2023-06-20,18:00:00,2
591,paulie_walnuts,2023-06-21,13:00:00,1
592,artie_bucco,2023-06-21,14:00:00,1
593,paulie_walnuts,2023-06-21,15:00:00,2
594,artie_bucco,2023-06-21,16:00:00,2
595,silvio_dante,2023-06-22,13:00:00,1
596,richie_april,2023-06-22,14:00:00,1
597,silvio_dante,2023-06-22,15:00:00,2
598,richie_april,2023-06-22,16:00:00,2
599,tony_soprano,2023-06-23,13:00:00,1
600,christopher_moltisanti,2023-06-23,14:00:00,1
601,tony_soprano,2023-06-23,15:00:00,2
602,christopher_moltisanti,2023-06-23,16:00:00,2
603,bobby_bacala,2023-06-24,13:00:00,1
604,bobby_bacala,2023-06-24,14:00:00,2
605,silvio_dante,2023-06-25,13:00:00,1
606,bobby_bacala,2023-06-25,14:00:00,1
607,ralph_cifaretto,2023-06-25,15:00:00,1
608,furio_giunta,2023-06-25,16:00:00,1
609,silvio_dante,2023-06-25,17:00:00,2
610,bobby_bacala,2023-06-25,18:00:00,2
611,ralph_cifaretto,2023-06-25,19:00:00,2
612,furio_giunta,2023-06-25,20:00:00,2
613,tony_soprano,2023-06-26,13:00:00,1
614,paulie_walnuts,2023-06-26,14:00:00,1
615,ralph_cifaretto,2023-06-26,15:00:00,1
616,junior_soprano,2023-06-26,16:00:00,1
617,furio_giunta,2023-06-26,17:00:00,1
618,artie_bucco,2023-06-26,18:00:00,1
619,tony_soprano,2023-06-26,19:00:00,2
620,paulie_walnuts,2023-06-26,20:00:00,2
621,ralph_cifaretto,2023-06-26,21:00:00,2
622,junior_soprano,2023-06-26,22:00:00,2
623,furio_giunta,2023-06-26,23:00:00,2
624,artie_bucco,2023-06-26,24:00:00,2
625,tony_soprano,2023-07-01,13:00:00,1
626,paulie_walnuts,2023-07-01,14:00:00,1
627,bobby_bacala,2023-07-01,15:00:00,1
628,ralph_cifaretto,2023-07-01,16:00:00,1
629,tony_soprano,2023-07-01,17:00:00,2
630,paulie_walnuts,2023-07-01,18:00:00,2
631,bobby_bacala,2023-07-01,19:00:00,2
632,ralph_cifaretto,2023-07-01,20:00:00,2
633,tony_soprano,2023-07-02,13:00:00,1
634,christopher_moltisanti,2023-07-02,14:00:00,1
635,silvio_dante,2023-07-02,15:00:00,1
636,tony_soprano,2023-07-02,16:00:00,2
637,christopher_moltisanti,2023-07-02,17:00:00,2
638,silvio_dante,2023-07-02,18:00:00,2
639,junior_soprano,2023-07-03,13:00:00,1
640,junior_soprano,2023-07-03,14:00:00,2
641,silvio_dante,2023-07-04,13:00:00,1
642,bobby_bacala,2023-07-04,14:00:00,1
643,junior_soprano,2023-07-04,15:00:00,1
644,silvio_dante,2023-07-04,16:00:00,2
645,bobby_bacala,2023-07-04,17:00:00,2
646,junior_soprano,2023-07-04,18:00:00,2
647,christopher_moltisanti,2023-07-05,13:00:00,1
648,furio_giunta,2023-07-05,14:00:00,1
649,christopher_moltisanti,2023-07-05,15:00:00,2
650,furio_giunta,2023-07-05,16:00:00,2
651,paulie_walnuts,2023-07-06,13:00:00,1
652,ralph_cifaretto,2023-07-06,14:00:00,1
653,paulie_walnuts,2023-07-06,15:00:00,2
654,ralph_cifaretto,2023-07-06,16:00:00,2
655,paulie_walnuts,2023-07-07,13:00:00,1
656,paulie_walnuts,2023-07-07,14:00:00,2
657,tony_soprano,2023-07-08,13:00:00,1
658,junior_soprano,2023-07-08,14:00:00,1
659,furio_giunta,2023-07-08,15:00:00,1
660,tony_soprano,2023-07-08,16:00:00,2
661,junior_soprano,2023-07-08,17:00:00,2
662,furio_giunta,2023-07-08,18:00:00,2
663,paulie_walnuts,2023-07-09,13:00:00,1
664,bobby_bacala,2023-07-09,14:00:00,1
665,artie_bucco,2023-07-09,15:00:00,1
666,richie_april,2023-07-09,16:00:00,1
667,paulie_walnuts,2023-07-09,17:00:00,2
668,bobby_bacala,2023-07-09,18:00:00,2
669,artie_bucco,2023-07-09,19:00:00,2
670,richie_april,2023-07-09,20:00:00,2
671,silvio_dante,2023-07-10,13:00:00,1
672,artie_bucco,2023-07-10,14:00:00,1
673,silvio_dante,2023-07-10,15:00:00,2
674,artie_bucco,2023-07-10,16:00:00,2
675,tony_soprano,2023-07-11,13:00:00,1
676,junior_soprano,2023-07-11,14:00:00,1
677,furio_giunta,2023-07-11,15:00:00,1
678,tony_soprano,2023-07-11,16:00:00,2
679,junior_soprano,2023-07-11,17:00:00,2
680,furio_giunta,2023-07-11,18:00:00,2
681,silvio_dante,2023-07-12,13:00:00,1
682,bobby_bacala,2023-07-12,14:00:00,1
683,richie_april,2023-07-12,15:00:00,1
684,silvio_dante,2023-07-12,16:00:00,2
685,bobby_bacala,2023-07-12,17:00:00,2
686,richie_april,2023-07-12,18:00:00,2
687,tony_soprano,2023-07-13,13:00:00,1
688,tony_soprano,2023-07-13,14:00:00,2
689,silvio_dante,2023-07-14,13:00:00,1
690,silvio_dante,2023-07-14,14:00:00,2
691,silvio_dante,2023-07-15,13:00:00,1
692,ralph_cifaretto,2023-07-15,14:00:00,1
693,silvio_dante,2023-07-15,15:00:00,2
694,ralph_cifaretto,2023-07-15,16:00:00,2
695,silvio_dante,2023-07-16,13:00:00,1
696,ralph_cifaretto,2023-07-16,14:00:00,1
697,artie_bucco,2023-07-16,15:00:00,1
698,silvio_dante,2023-07-16,16:00:00,2
699,ralph_cifaretto,2023-07-16,17:00:00,2
700,artie_bucco,2023-07-16,18:00:00,2
701,tony_soprano,2023-07-17,13:00:00,1
702,silvio_dante,2023-07-17,14:00:00,1
703,tony_soprano,2023-07-17,15:00:00,2
704,silvio_dante,2023-07-17,16:00:00,2
705,bobby_bacala,2023-07-18,13:00:00,1
706,bobby_bacala,2023-07-18,14:00:00,2
707,tony_soprano,2023-07-19,13:00:00,1
708,christopher_moltisanti,2023-07-19,14:00:00,1
709,richie_april,2023-07-19,15:00:00,1
710,tony_soprano,2023-07-19,16:00:00,2
711,christopher_moltisanti,2023-07-19,17:00:00,2
712,richie_april,2023-07-19,18:00:00,2
713,richie_april,2023-07-20,13:00:00,1
714,richie_april,2023-07-20,14:00:00,2
715,furio_giunta,2023-07-21,13:00:00,1
716,artie_bucco,2023-07-21,14:00:00,1
717,furio_giunta,2023-07-21,15:00:00,2
718,artie_bucco,2023-07-21,16:00:00,2
719,ralph_cifaretto,2023-07-22,13:00:00,1
720,ralph_cifaretto,2023-07-22,14:00:00,2
721,christopher_moltisanti,2023-07-23,13:00:00,1
722,silvio_dante,2023-07-23,14:00:00,1
723,ralph_cifaretto,2023-07-23,15:00:00,1
724,richie_april,2023-07-23,16:00:00,1
725,christopher_moltisanti,2023-07-23,17:00:00,2
726,silvio_dante,2023-07-23,18:00:00,2
727,ralph_cifaretto,2023-07-23,19:00:00,2
728,richie_april,2023-07-23,20:00:00,2
729,silvio_dante,2023-07-24,13:00:00,1
730,ralph_cifaretto,2023-07-24,14:00:00,1
731,silvio_dante,2023-07-24,15:00:00,2
732,ralph_cifaretto,2023-07-24,16:00:00,2
733,tony_soprano,2023-07-25,13:00:00,1
734,silvio_dante,2023-07-25,14:00:00,1
735,bobby_bacala,2023-07-25,15:00:00,1
736,tony_soprano,2023-07-25,16:00:00,2
737,silvio_dante,2023-07-25,17:00:00,2
738,bobby_bacala,2023-07-25,18:00:00,2
739,silvio_dante,2023-07-26,13:00:00,1
740,silvio_dante,2023-07-26,14:00:00,2
741,tony_soprano,2023-07-27,13:00:00,1
742,christopher_moltisanti,2023-07-27,14:00:00,1
743,tony_soprano,2023-07-27,15:00:00,2
744,christopher_moltisanti,2023-07-27,16:00:00,2
745,tony_soprano,2023-07-28,13:00:00,1
746,tony_soprano,2023-07-28,14:00:00,2
747,tony_soprano,2023-08-01,13:00:00,1
748,junior_soprano,2023-08-01,14:00:00,1
749,artie_bucco,2023-08-01,15:00:00,1
750,tony_soprano,2023-08-01,16:00:00,2
751,junior_soprano,2023-08-01,17:00:00,2
752,artie_bucco,2023-08-01,18:00:00,2
753,furio_giunta,2023-08-02,13:00:00,1
754,furio_giunta,2023-08-02,14:00:00,2
755,furio_giunta,2023-08-03,13:00:00,1
756,furio_giunta,2023-08-03,14:00:00,2
757,silvio_dante,2023-08-04,13:00:00,1
758,junior_soprano,2023-08-04,14:00:00,1
759,furio_giunta,2023-08-04,15:00:00,1
760,richie_april,2023-08-04,16:00:00,1
761,silvio_dante,2023-08-04,17:00:00,2
762,junior_soprano,2023-08-04,18:00:00,2
763,furio_giunta,2023-08-04,19:00:00,2
764,richie_april,2023-08-04,20:00:00,2
765,silvio_dante,2023-08-06,13:00:00,1
766,furio_giunta,2023-08-06,14:00:00,1
767,silvio_dante,2023-08-06,15:00:00,2
768,furio_giunta,2023-08-06,16:00:00,2
769,silvio_dante,2023-08-07,13:00:00,1
770,furio_giunta,2023-08-07,14:00:00,1
771,silvio_dante,2023-08-07,15:00:00,2
772,furio_giunta,2023-08-07,16:00:00,2
773,junior_soprano,2023-08-08,13:00:00,1
774,artie_bucco,2023-08-08,14:00:00,1
775,junior_soprano,2023-08-08,15:00:00,2
776,artie_bucco,2023-08-08,16:00:00,2
777,christopher_moltisanti,2023-08-09,13:00:00,1
778,silvio_dante,2023-08-09,14:00:00,1
779,christopher_moltisanti,2023-08-09,15:00:00,2
780,silvio_dante,2023-08-09,16:00:00,2
781,silvio_dante,2023-08-10,13:00:00,1
782,bobby_bacala,2023-08-10,14:00:00,1
783,junior_soprano,2023-08-10,15:00:00,1
784,silvio_dante,2023-08-10,16:00:00,2
785,bobby_bacala,2023-08-10,17:00:00,2
786,junior_soprano,2023-08-10,18:00:00,2
787,ralph_cifaretto,2023-08-11,13:00:00,1
788,ralph_cifaretto,2023-08-11,14:00:00,2
789,christopher_moltisanti,2023-08-12,13:00:00,1
790,christopher_moltisanti,2023-08-12,14:00:00,2
791,ralph_cifaretto,2023-08-13,13:00:00,1
792,ralph_cifaretto,2023-08-13,14:00:00,2
793,bobby_bacala,2023-08-14,13:00:00,1
794,bobby_bacala,2023-08-14,14:00:00,2
795,silvio_dante,2023-08-16,13:00:00,1
796,bobby_bacala,2023-08-16,14:00:00,1
797,junior_soprano,2023-08-16,15:00:00,1
798,silvio_dante,2023-08-16,16:00:00,2
799,bobby_bacala,2023-08-16,17:00:00,2
800,junior_soprano,2023-08-16,18:00:00,2
801,christopher_moltisanti,2023-08-17,13:00:00,1
802,bobby_bacala,2023-08-17,14:00:00,1
803,christopher_moltisanti,2023-08-17,15:00:00,2
804,bobby_bacala,2023-08-17,16:00:00,2
805,paulie_walnuts,2023-08-19,13:00:00,1
806,bobby_bacala,2023-08-19,14:00:00,1
807,furio_giunta,2023-08-19,15:00:00,1
808,paulie_walnuts,2023-08-19,16:00:00,2
809,bobby_bacala,2023-08-19,17:00:00,2
810,furio_giunta,2023-08-19,18:00:00,2
811,silvio_dante,2023-08-20,13:00:00,1
812,junior_soprano,2023-08-20,14:00:00,1
813,silvio_dante,2023-08-20,15:00:00,2
814,junior_soprano,2023-08-20,16:00:00,2
815,tony_soprano,2023-08-21,13:00:00,1
816,junior_soprano,2023-08-21,14:00:00,1
817,tony_soprano,2023-08-21,15:00:00,2
818,junior_soprano,2023-08-21,16:00:00,2
819,silvio_dante,2023-08-23,13:00:00,1
820,furio_giunta,2023-08-23,14:00:00,1
821,silvio_dante,2023-08-23,15:00:00,2
822,furio_giunta,2023-08-23,16:00:00,2
823,ralph_cifaretto,2023-08-24,13:00:00,1
824,ralph_cifaretto,2023-08-24,14:00:00,2
825,tony_soprano,2023-08-25,13:00:00,1
826,tony_soprano,2023-08-25,14:00:00,2
827,richie_april,2023-08-26,13:00:00,1
828,richie_april,2023-08-26,14:00:00,2
829,christopher_moltisanti,2023-08-28,13:00:00,1
830,paulie_walnuts,2023-08-28,14:00:00,1
831,silvio_dante,2023-08-28,15:00:00,1
832,artie_bucco,2023-08-28,16:00:00,1
833,christopher_moltisanti,2023-08-28,17:00:00,2
834,paulie_walnuts,2023-08-28,18:00:00,2
835,silvio_dante,2023-08-28,19:00:00,2
836,artie_bucco,2023-08-28,20:00:00,2
